cFnGIki@mail.ru,UPDATE,2024-08-03 13:18:47
cFnGIki@mail.ru,CREATE,2024-08-03 02:47:52
RXXPRBSlwC@ya.ru,READ,2024-08-03 13:37:18
WKbFeBwBIBkLO@gmail.com,DELETE,2024-08-03 01:56:45
hgyNgON@gmail.com,UPDATE,2024-08-03 18:44:13
QOUIcYK@gmail.com,READ,2024-08-03 05:14:13
HoCVUL@gmail.com,CREATE,2024-08-03 12:31:32
PXSArwMdbxxzF@ya.ru,READ,2024-08-03 00:25:42
RXXPRBSlwC@ya.ru,CREATE,2024-08-03 02:59:18
QOUIcYK@gmail.com,UPDATE,2024-08-03 08:51:22
QqDQSWzfNP@ya.ru,DELETE,2024-08-03 12:31:27
WKbFeBwBIBkLO@gmail.com,DELETE,2024-08-03 11:54:14
EnpysAkMC@mail.ru,CREATE,2024-08-03 20:37:33
WKbFeBwBIBkLO@gmail.com,DELETE,2024-08-03 03:43:48
cFnGIki@mail.ru,READ,2024-08-03 00:07:34
hgyNgON@gmail.com,UPDATE,2024-08-03 18:03:48
QOUIcYK@gmail.com,DELETE,2024-08-03 05:41:44
SOHSQ@gmail.com,CREATE,2024-08-03 11:07:36
EnpysAkMC@mail.ru,UPDATE,2024-08-03 02:13:38
QOUIcYK@gmail.com,UPDATE,2024-08-03 15:17:57